numbers,name,type,from,to,days,per_week,minutes,km,stops,src
11065,Lokmanya Tilak Terminus–Darbhanga Pawan Express,,LTT,JYG,"Tue,Thu,Sun",,2225,1880,38,wikipedia:Lokmanya Tilak Terminus–Darbhanga Pawan Express
11139/11140,Mumbai CSMT–Gadag Express,,CSMT,GDG,Daily,7,900,753,9,wikipedia:Mumbai CSMT–Gadag Express
11419/11420,Pune–SCSMT Kolhapur Express,,PUNE,KOP,Daily,7,448,326,22,wikipedia:Pune–SCSMT Kolhapur Express
11431/11432,Pune–Danapur Amrit Bharat Express,AB,PUNE,DNR,,1,2045,1748,21,wikipedia:Pune–Danapur Amrit Bharat Express
11631/11632,Bhopal–Dhanbad Express,,BPL,DHN,,1,1405,1195,32,wikipedia:Bhopal–Dhanbad Express
11633/11634,Bhopal–Chopan Weekly Express,,BPL,CPU,,1,835,723,17,wikipedia:Bhopal–Chopan Weekly Express
11665/11666,Rani Kamalapati–Agartala Weekly Express,,RKMP,AGTL,,1,3125,2482,40,wikipedia:Rani Kamalapati–Agartala Weekly Express
11754/11753,Rewa–Itwari Special,,REWA,ITR,,3,845,601,7,wikipedia:Rewa–Itwari Special
12063/12064,Haridwar–Una Link Janshatabdi Express,,HW,UHL,,3,445,368,12,wikipedia:Haridwar–Una Link Janshatabdi Express
12789/12790,Kumta–Kacheguda Superfast Express,,KT,KCG,,2,1980,1688,35,wikipedia:Kumta–Kacheguda Superfast Express
13031/13032,Howrah–Jaynagar Express,,HWH,JYG,Daily,7,1500,718,117,wikipedia:Howrah–Jaynagar Express
13035/13036,Upasana Express,,HWH,DDN,,2,1750,1589,20,wikipedia:Upasana Express
13037/13038,Kumbh Express,,HWH,DDN,,5,1750,1589,25,wikipedia:Kumbh Express
13041/13042,Himgiri Superfast Express,,HWH,JAT,,3,2205,2023,30,wikipedia:Himgiri Superfast Express
13047/13048,Vibhuti Express,,HWH,PRRB,Daily,7,955,885,32,wikipedia:Vibhuti Express
13065/13066,Howrah–Anand Vihar Terminal Amrit Bharat Express,AB,HWH,ANVT,,1,1660,1455,27,wikipedia:Howrah–Anand Vihar Terminal Amrit Bharat Express
13227/13228,Saharsa–Rajendra Nagar Terminal Intercity Express,,SHC,RJQ,Daily,7,,212,15,wikipedia:Saharsa–Rajendra Nagar Terminal Intercity Express
13353/13354,Rajgir–Patna Intercity Express,,RGD,PNBE,Daily,7,235,99,13,wikipedia:Rajgir–Patna Intercity Express
13379/13380,Dhanbad - Mumbai LTT Weekly Express,,DHN,LTT,,1,2320,1844,29,wikipedia:Dhanbad - Mumbai LTT Weekly Express
13379/13380,Dhanbad–Lokmanya Tilak Terminus Weekly Express,,DHN,LTT,,1,2320,1844,29,wikipedia:Dhanbad–Lokmanya Tilak Terminus Weekly Express
13427/13428,Howrah–Sahibganj Intercity Express,,HWH,SBG,Daily,7,410,351,8,wikipedia:Howrah–Sahibganj Intercity Express
14121/14122,Subedarganj–Lokmanya Tilak Terminus Amrit Bharat Express,AB,SFG,LTT,,1,1960,1670,20,wikipedia:Subedarganj–Lokmanya Tilak Terminus Amrit Bharat Express
14619/14620,Tripura Sundari Express,,AGTL,FZR,,1,2805,2888,31,wikipedia:Tripura Sundari Express
14663/14664,New Jalpaiguri–Amritsar Amrit Bharat Express,AB,NJP,ASR,,1,2540,1851,37,wikipedia:New Jalpaiguri–Amritsar Amrit Bharat Express
14817/14818,Bhagat Ki Kothi–Bandra Terminus Express,,BGKT,BDTS,,2,1230,942,17,wikipedia:Bhagat Ki Kothi–Bandra Terminus Express (via Bhildi)
15077/15078,Kamakhya–Gomti Nagar Superfast Express,,GTNR,KYQ,,1,1870,1379,12,wikipedia:Kamakhya–Gomti Nagar Superfast Express
15085/15086,Gorakhpur–Bandra Terminus Amrit Bharat Express,AB,GKP,BDTS,,1,2050,1842,22,wikipedia:Gorakhpur–Bandra Terminus Amrit Bharat Express
15087/15088,Mumbai CSMT–Sawantwadi Road Express,,CSMT,SWV,Daily,7,835,505,23,wikipedia:Mumbai CSMT–Sawantwadi Road Express
15095/15096,Gorakhpur–Delhi Junction Amrit Bharat Express,AB,GKP,DLI,,1,845,724,10,wikipedia:Gorakhpur–Delhi Junction Amrit Bharat Express
15301/15302,KSR Bengaluru–Lalkuan Weekly Express,,SBC,LKU,,1,2990,2634,42,wikipedia:KSR Bengaluru–Lalkuan Weekly Express
15589/15590,Bandra Terminus–Barauni Avadh Express,,BDTS,BJU,Daily,7,2940,2254,87,wikipedia:Bandra Terminus–Barauni Avadh Express
15589/15590,Muzaffarpur–Hadapsar (Pune) AC Express,,MFP,HDP,,1,2100,1825,25,wikipedia:Muzaffarpur–Hadapsar (Pune) AC Express
15607/15608,Aronai Express,,TVC,SCL,,1,4280,3915,55,wikipedia:Aronai Express
15633/15634,Bikaner–Guwahati Express,,BKN,GHY,,1,2905,2315,30,wikipedia:Bikaner–Guwahati Express
15649/15650,Agartala–Narangi Express,,AGTL,NNGE,Daily,7,915,562,9,wikipedia:Agartala–Narangi Express
15671/15672,Kamakhya–Rohtak Amrit Bharat Express,AB,KYQ,ROK,,1,2430,1940,30,wikipedia:Kamakhya–Rohtak Amrit Bharat Express
15673/15674,Kamakhya–Charlapalli Amrit Bharat Express,AB,KYQ,CHZ,,1,3020,2472,43,wikipedia:Kamakhya–Charlapalli Amrit Bharat Express
15675/15676,New Jalpaiguri–Guwahati Express,,NJP,GHY,Daily,7,,407,18,wikipedia:New Jalpaiguri–Guwahati Express
15675/15676,New Jalpaiguri–Guwahati Intercity Express,,NJP,GHY,Daily,7,540,407,20,wikipedia:New Jalpaiguri–Guwahati Intercity Express
15743/15744,Farakka Express,,BLGT,BTI,,4,2565,1864,69,wikipedia:Farakka Express (via Ayodhya Cantt)
15949/15950,Dibrugarh–Gomti Nagar Amrit Bharat Express,AB,DBRG,GTNR,,1,2430,1755,42,wikipedia:Dibrugarh–Gomti Nagar Amrit Bharat Express
16107/16108,Tambaram–Santragachi Amrit Bharat Express,AB,TBM,SRC,,1,1725,1668,28,wikipedia:Tambaram–Santragachi Amrit Bharat Express
16119/16120,Podanur–Dhanbad Amrit Bharat Express,AB,PTJ,DHN,,1,2745,2199,36,wikipedia:Podanur–Dhanbad Amrit Bharat Express
16121/16122,Tambaram – Thiruvananthapuram Central Amrit Bharat Express,AB,TBM,TVC,,1,870,768,17,wikipedia:Tambaram – Thiruvananthapuram Central Amrit Bharat Express
16223/16224,SMVT Bengaluru–Radhikapur Express,,SMVB,RDP,,1,2830,2454,49,wikipedia:SMVT Bengaluru–Radhikapur Express
16281/16282,Mysuru–Ajmer Express,,MYS,AII,,1,2675,2337,36,wikipedia:Mysuru–Ajmer Express (via Kotturu)
16319/16320,Thiruvananthapuram North–SMVT Bengaluru Humsafar Express,,TVCN,SMVB,,2,1000,826,12,wikipedia:Thiruvananthapuram North–SMVT Bengaluru Humsafar Express
16329/16330,Nagercoil Junction–Mangaluru Junction Amrit Bharat Express,AB,NCJ,MAJN,,1,1040,693,21,wikipedia:Nagercoil Junction–Mangaluru Junction Amrit Bharat Express
16357/16358,Nagercoil–Charlapalli Amrit Bharat Express,AB,NCJ,CHZ,,1,1710,1412,30,wikipedia:Nagercoil–Charlapalli Amrit Bharat Express
16363/16364,Ernakulam–Velankanni Express,,ERS,VLNK,,1,1065,703,10,wikipedia:Ernakulam–Velankanni Express (via Tiruchchirappalli)
16505/16506,KSR Bangalore–Gandhidham Express,,GIMB,SBC,,1,2290,1954,30,wikipedia:KSR Bangalore–Gandhidham Express
16585/16586,SMVT Bengaluru–Murdeshwar Express,,SMVB,MRDW,Daily,7,690,447,25,wikipedia:SMVT Bengaluru–Murdeshwar Express
16707/16708,Mangaluru–Tirunelveli Express,,MAJN,TEN,,1,1125,751,22,wikipedia:Mangaluru–Tirunelveli Express
16807/16808,Tambaram–Tiruchchirappalli Express,,TBM,TPJ,,5,430,377,15,wikipedia:Tambaram–Tiruchchirappalli Express
17041/17042,Charlapalli – Thiruvananthapuram North Amrit Bharat Express,AB,CHZ,TVCN,,1,1890,1488,31,wikipedia:Charlapalli – Thiruvananthapuram North Amrit Bharat Express
17045/17046,Charlapalli–Anakapalle Express,,CHZ,AKP,,1,800,651,16,wikipedia:Charlapalli–Anakapalle Express (via Warangal)
17047/17048,Charlapalli–Tiruchanur Express,,CHZ,TCNR,,1,815,643,2,wikipedia:Charlapalli–Tiruchanur Express (via Warangal)
17049/17050,Hubballi–Hyderabad Express,,UBL,HYB,Daily,7,840,664,20,wikipedia:Hubballi–Hyderabad Express
17053/17054,Charlapalli–Anakapalle AC Express,,CHZ,AKP,,1,770,618,13,wikipedia:Charlapalli–Anakapalle AC Express
17059/17060,Charlapalli–Tiruchanur Express,,CHZ,TCNR,,1,955,643,2,wikipedia:Charlapalli–Tiruchanur Express (via Kurnool City)
17061/17062,Charlapalli–Narasapur Express,,CHZ,NS,,1,670,439,9,wikipedia:Charlapalli–Narasapur Express
17065/17066,Charlapalli–Shalimar Amrit Bharat Express,AB,CHZ,SHM,,1,1685,1546,24,wikipedia:Charlapalli–Shalimar Amrit Bharat Express
17067/17068,Charlapalli–Bhubaneswar New Express,,CHZ,BBSN,,1,1385,1093,3,wikipedia:Charlapalli–Bhubaneswar New Express
17069/17070,Hyderabad–Kanniyakumari Express,,HYB,CAPE,,1,2025,1582,36,wikipedia:Hyderabad–Kanniyakumari Express
17289/17290,Kakinada Town–Mysuru Express,,CCT,MYS,,1,1860,1393,33,wikipedia:Kakinada Town–Mysuru Express
17333/17334,Miraj Junction - Castlerock Express,,MRJ,CLR,Daily,7,149,137,21,wikipedia:Miraj Junction - Castlerock Express
17425/17426,Tirupati–Sainagar Shirdi Weekly Express,,TPTY,SNSI,,1,1845,1441,31,wikipedia:Tirupati–Sainagar Shirdi Weekly Express (via Guntur)
17427/17428,Tirupati–Narsapur Express,,TPTY,NS,,1,635,526,14,wikipedia:Tirupati–Narsapur Express
17427/17428,Tirupati–Narasapur Express,,TPTY,NS,,1,680,526,14,wikipedia:Tirupati–Narasapur Express
17429/17430,Tirupati–Akola Express,,TPTY,AK,,1,1535,1221,25,wikipedia:Tirupati–Akola Express
17439/17440,Tirupati–Srikakulam Road Humsafar Express,,TPTY,CHE,,1,1175,852,20,wikipedia:Tirupati–Srikakulam Road Humsafar Express
17441/17442,Tirupati–Charlapalli Express,,TPTY,CHZ,,1,955,650,2,wikipedia:Tirupati–Charlapalli Express (via Proddatur)
17443/17444,Tirupati–Charlapalli Express,,TPTY,CHZ,,1,955,729,2,wikipedia:Tirupati–Charlapalli Express
17601/17602,Kacheguda–Sri Ganganagar Express,,KCG,SGNR,,1,2840,2172,5,wikipedia:Kacheguda–Sri Ganganagar Express
17607/17608,Kacheguda–Tiruchanur Express,,KCG,TCNR,,1,900,630,2,wikipedia:Kacheguda–Tiruchanur Express
17633/17634,Hazur Sahib Nanded–Tiruchanur Weekly Express,,NED,TCNR,,1,1175,959,19,wikipedia:Hazur Sahib Nanded–Tiruchanur Weekly Express
17635/17636,Hazur Sahib Nanded–Dharmavaram Junction Weekly Express,,NED,DMM,,1,1605,1235,23,wikipedia:Hazur Sahib Nanded–Dharmavaram Junction Weekly Express
18015/18016,Shalimar–Bhanjpur Express,,SHM,VZR,,1,320,266,15,wikipedia:Shalimar–Bhanjpur Express
18017/18018,Bhanjpur–Puri Express,,VZR,PURI,,1,400,342,12,wikipedia:Bhanjpur–Puri Express
18039/18040,Puri–Shalimar Express,,SHM,PURI,,1,530,497,11,wikipedia:Puri–Shalimar Express
18041/18042,Shalimar–Chennai Central Express,,SHM,MAS,,1,1125,1644,18,wikipedia:Shalimar–Chennai Central Express
18063/18064,Santragachi–Yelahanka AC Express,,SRC,YNK,,1,2130,1882,28,wikipedia:Santragachi–Yelahanka AC Express
18509/18510,Visakhapatnam–SMVT Bengaluru Express,,VSKP,SMVB,,1,1350,1072,18,wikipedia:Visakhapatnam–SMVT Bengaluru Express
18513/18514,Kirandul–Visakhapatnam Express,,KRDL,VSKP,Daily,7,743,471,10,wikipedia:Kirandul–Visakhapatnam Express
18523/18524,Visakhapatnam–Banaras Express,,VSKP,BSBS,,2,1745,1405,40,wikipedia:Visakhapatnam–Banaras Express
18527/18528,Visakhapatnam–Charlapalli Express,,VSKP,CHZ,,1,870,683,14,wikipedia:Visakhapatnam–Charlapalli Express
18551/18552,Visakhapatnam–Kirandul Express,,VSKP,KRDL,Daily,7,835,469,13,wikipedia:Visakhapatnam–Kirandul Express
18633/18634,Patna–Ranchi AC Express,,PNBE,RNC,,1,623,424,10,wikipedia:Patna–Ranchi AC Express
18641/18642,Hatia–Durg Express,,HTE,DURG,,1,645,618,9,wikipedia:Hatia–Durg Express
19271/19272,Bhavnagar Terminus–Haridwar Weekly Express,,BVC,HW,,2,1860,1574,35,wikipedia:Bhavnagar Terminus–Haridwar Weekly Express
19333/19334,Indore–Bikaner Mahamana Express,,INDB,BKN,,1,1170,962,17,wikipedia:Indore–Bikaner Mahamana Express
19335/19336,Gandhidham–Indore Weekly Express,,GIMB,INDB,,1,990,806,9,wikipedia:Gandhidham–Indore Weekly Express
19423/19424,Ahmedabad–Bhagalpur Amrit Bharat Express,AB,ADI,BGP,,1,2170,1981,29,wikipedia:Ahmedabad–Bhagalpur Amrit Bharat Express
19435,Ahmedabad–Asansol Weekly Express,,ADI,ASN,,1,2410,2326,28,wikipedia:Ahmedabad–Asansol Weekly Express
19483/19484,Ahmedabad–Saharsa Express,,ADI,SHC,,6,,2168,29,wikipedia:Ahmedabad–Saharsa Express
19525/19526,Hapa–Naharlagun Weekly Express,,HAPA,NHLN,,1,3800,3187,49,wikipedia:Hapa–Naharlagun Weekly Express
19569/19570,Rajkot–Veraval Express,,RJT,VRL,Daily,7,265,185,8,wikipedia:Rajkot–Veraval Express
19701/19702,Sainik Express,,DEE,JP,Daily,7,535,404,22,wikipedia:Sainik Express
19725/19726,Khatipura (Jaipur)–Darbhanga Amrit Bharat Express,AB,KWP,DBG,,6,1585,1265,25,wikipedia:Khatipura (Jaipur)–Darbhanga Amrit Bharat Express
20105/20106,Khadki (Pune)–Dahar Ka Balaji (Jaipur) Superfast Express,,KK,DKBJ,,1,1385,1294,19,wikipedia:Khadki (Pune)–Dahar Ka Balaji (Jaipur) Superfast Express
20153/20154,Mumbai CSMT–Rewa Weekly Superfast Express,,CSMT,REWA,,1,1215,1213,18,wikipedia:Mumbai CSMT–Rewa Weekly Superfast Express
20159/20160,Coimbatore–Jabalpur Weekly Superfast Express,,CBE,JBP,,1,2380,2054,33,wikipedia:Coimbatore–Jabalpur Weekly Superfast Express
20177/20178,Asarva (Ahmedabad)–Agra Cantonment Superfast Express,,ASV,AGC,,5,975,892,15,wikipedia:Asarva (Ahmedabad)–Agra Cantonment Superfast Express
20435/20436,Lokmanya Tilak Terminus–Prayagraj Amrit Bharat Express,AB,LTT,PRYJ,,1,1160,1342,7,wikipedia:Lokmanya Tilak Terminus–Prayagraj Amrit Bharat Express
20437/20438,Prayagraj–Udhna (Surat) Amrit Bharat Express,AB,PRYJ,UDN,,1,1365,1440,16,wikipedia:Prayagraj–Udhna (Surat) Amrit Bharat Express
20604/20603,Nagercoil–New Jalpaiguri Amrit Bharat Express,AB,NCJ,NJP,,1,3240,3102,45,wikipedia:Nagercoil–New Jalpaiguri Amrit Bharat Express
20610/20609,Tiruchchirappalli–New Jalpaiguri Amrit Bharat Express,AB,TPJ,NJP,,1,2835,2622,41,wikipedia:Tiruchchirappalli–New Jalpaiguri Amrit Bharat Express
20625/20626,MGR Chennai Central–Bhagat Ki Kothi Superfast Express,,MAS,BGKT,,1,2430,2351,30,wikipedia:MGR Chennai Central–Bhagat Ki Kothi Superfast Express
20837/20838,Bhubaneswar–Junagarh Express,,BBS,JNRD,Daily,7,695,655,17,wikipedia:Bhubaneswar–Junagarh Express
20913/20914,Rajkot–Delhi Sarai Rohilla Weekly Superfast Express,,RJT,DEE,,1,1170,1107,21,wikipedia:Rajkot–Delhi Sarai Rohilla Weekly Superfast Express
20955/20956,Surat–Mahuva Superfast Express,,ST,MHV,,5,670,631,14,wikipedia:Surat–Mahuva Superfast Express
20973/20974,Firozpur–Rameswaram Humsafar Express,,FZR,RMM,,1,3600,3544,41,wikipedia:Firozpur–Rameswaram Humsafar Express
20993/20994,Jaipur–Udaipur City Superfast Express,,JP,UDZ,Daily,7,440,429,13,wikipedia:Jaipur–Udaipur City Superfast Express
22075/22076,Charlapalli–Gorakhpur Amrit Bharat Express,AB,CHZ,GKP,,1,1960,1811,21,wikipedia:Charlapalli–Gorakhpur Amrit Bharat Express
22173/22174,Jabalpur–Chanda Fort Intercity Superfast Special,,JBP,CAF,,3,510,475,5,wikipedia:Jabalpur–Chanda Fort Intercity Superfast Special
22211/22212,Ajmer–Hazrat Nizamuddin Duronto Express,,AII,NZM,,2,405,1346,,wikipedia:Ajmer–Hazrat Nizamuddin Duronto Express
22363/22364,Dhanbad–Coimbatore Amrit Bharat Express,AB,DHN,CBE,,1,3020,2976,41,wikipedia:Dhanbad–Coimbatore Amrit Bharat Express
22365/22366,Danapur–SMVT Bengaluru Superfast Express,,DNR,SMVB,Daily,7,2865,2681,22,wikipedia:Danapur–SMVT Bengaluru Superfast Express
22449/22450,Poorvottar Sampark Kranti Express,,GHY,NDLS,,2,1935,1900,13,wikipedia:Poorvottar Sampark Kranti Express
22549/22550,Gorakhpur–Prayagraj Vande Bharat Express,VB,GKP,PRYJ,"Mon,Tue,Wed,Thu,Fri,Sun",6,450,500,4,wikipedia:Gorakhpur–Prayagraj Vande Bharat Express
22701/22702,Visakhapatnam–Guntur Uday Express,,VSKP,GNT,,5,460,384,8,wikipedia:Visakhapatnam–Guntur Uday Express
25909/25910,Jivachh Link Express,,DBG,NTSK,Daily,7,2035,1434,43,wikipedia:Jivachh Link Express
26506/26505,Banaras–Khajuraho Vande Bharat Express,VB,BSBS,KURJ,"Mon,Tue,Wed,Fri,Sat,Sun",6,470,465,5,wikipedia:Banaras–Khajuraho Vande Bharat Express
26903/26904,Surat – Udaipur City Vande Bharat Express,VB,ST,UDZ,"Mon,Wed,Thu,Fri,Sat,Sun",6,450,530,9,wikipedia:Surat – Udaipur City Vande Bharat Express
27575/27576,Kamakhya–Howrah Vande Bharat Sleeper Express,VB,HWH,KYQ,,6,840,968,13,wikipedia:Kamakhya–Howrah Vande Bharat Sleeper Express
27651/27652,Mumbai CSMT–KSR Bengaluru Vande Bharat Sleeper Express,VB,CSMT,SBC,,6,980,1092,7,wikipedia:Mumbai CSMT–KSR Bengaluru Vande Bharat Sleeper Express
28011/28012,Visakhapatnam–Hazur Sahib Nanded Superfast Express,,NED,VSKP,,3,1020,861,11,wikipedia:Visakhapatnam–Hazur Sahib Nanded Superfast Express
37211/37291,Bandel–Howrah Local,,BDC,HWH,,7,63,39,17,wikipedia:Bandel–Howrah Local
52121/52122,Pachora–Jamner Passenger,,PC,JMNR,Daily,7,125,56,7,wikipedia:Pachora–Jamner Passenger
53339/53340,Dhanbad–Chandrapura Passenger,,DHN,CRP,,,95,34,9,wikipedia:Dhanbad–Chandrapura Passenger
55614/55613,Naharlagun–Dekargaon Passenger,,NHLN,DKGN,Daily,7,360,179,,wikipedia:Naharlagun–Dekargaon Passenger
56059/56060,Tambaram–Villupuram Passenger,,TBM,VM,Daily,7,180,134,9,wikipedia:Tambaram–Villupuram Passenger
58839/58840,Nagpur–Jabalpur Express,,NGP,JBP,Daily,7,,398,,wikipedia:Nagpur–Jabalpur Express
63339/63340,Rajgir–Danapur MEMU,,RGD,DNR,Daily,7,275,109,21,wikipedia:Rajgir–Danapur MEMU
73253/73254,Rajgir–Bakhtiyarpur DEMU,,RGD,BKP,,7,145,54,5,wikipedia:Rajgir–Bakhtiyarpur DEMU
82505/82506,Pune–Kamakhya Suvidha Special Express,,PUNE,KYQ,,,3175,2841,19,wikipedia:Pune–Kamakhya Suvidha Special Express
