old,new,name,since
11111,22199,Sushasan Express,tag2026
11112,22200,Sushasan Express,tag2026
11203,22175,Jaipur Express,tag2026
12047,26461,Vande Bharat Express,tag2026
14511,14141,Nauchandi Express,tag2026
14512,14142,Nauchandi Express,tag2026
15905,22503,Vivek Express,tag2026
15906,22504,Vivek Express,tag2026
16023,16208,Yesvantpur Express,tag2026
16505,20685,Bengaluru SF Express,tag2026
16506,20686,Bengaluru SF Express,tag2026
16723,20636,Chennai Egmore Express,tag2026
16724,20635,Chennai Egmore Express,tag2026
17615,22715,Madurai Express,tag2026
17616,22716,Kacheguda Express,tag2026
18408,20585,Puri Express,tag2026
19042,20942,Bandra (T) Express,tag2026
19264,20938,Delhi Sarai Rohilla Express,tag2026
19332,20932,Thiruvanthapuram North Express,tag2026
19659,20972,Udaipur City Express,tag2026
19660,20971,Shalimar Express,tag2026
82654,20668,Yesvantpur Express,tag2026
