number,name,status,reason
10111,Mumbai Cst - Madgaon Konkan Knaya Exp,unlisted,not in Trains at a Glance 2026 under this number
10112,Madgaon - Mumbai Cst Konkan Knaya Exp,unlisted,not in Trains at a Glance 2026 under this number
11023,Sahyadri Express,unlisted,not in Trains at a Glance 2026 under this number
11024,Sahyadri Express,unlisted,not in Trains at a Glance 2026 under this number
11031,Solapur – Vijayapura Express,unlisted,not in Trains at a Glance 2026 under this number
11032,Vijayapura – Solapur Express,unlisted,not in Trains at a Glance 2026 under this number
11043,Mumbai Ltt - Madurai Exp,duplicate,"renumbered 22101, which has 2026 times"
11044,Madurai - Mumbai Ltt Exp,duplicate,"renumbered 22102, which has 2026 times"
11047,Hubli Express,unlisted,not in Trains at a Glance 2026 under this number
11048,Hubli Miraj Express,unlisted,not in Trains at a Glance 2026 under this number
11051,Solapur-Kolhapur Express,unlisted,not in Trains at a Glance 2026 under this number
11052,Kolhapur Solapur Express,unlisted,not in Trains at a Glance 2026 under this number
11053,Lokmanya Tilak – Azamgarh Express,unlisted,not in Trains at a Glance 2026 under this number
11063,Chennai Egmore - Mettur Dam Slip Exp,duplicate,"renumbered 22154, which has 2026 times"
11064,Salem - Chennai Egmore Exp,duplicate,"renumbered 22153, which has 2026 times"
11067,Mumbai Ltt - Faizabad Saket Exp,unlisted,not in Trains at a Glance 2026 under this number
11068,Faizabad - Mumbai Ltt Saket Exp,unlisted,not in Trains at a Glance 2026 under this number
11073,Lokmanya Tilak – Chennai Express,unlisted,not in Trains at a Glance 2026 under this number
11074,Chennai – Lokmanya Tilak Express,unlisted,not in Trains at a Glance 2026 under this number
11075,Lokmanya Tilak – Bidar Express,duplicate,"renumbered 22143, which has 2026 times"
11083,Lokmanya Tilak – Kazipet Express,unlisted,not in Trains at a Glance 2026 under this number
11084,Kazipet – Lokmanya Tilak Express,unlisted,not in Trains at a Glance 2026 under this number
11093,Mumbai Cst - Varanasi Mahanagari Exp,duplicate,"renumbered 22177, which has 2026 times"
11094,Varanasi - Mumbai Cst Mahanagari Exp,duplicate,"renumbered 22178, which has 2026 times"
11095,Ahimsa Express,unlisted,not in Trains at a Glance 2026 under this number
11096,Ahimsa Express,unlisted,not in Trains at a Glance 2026 under this number
11101,Pune – Gwalior Express,unlisted,not in Trains at a Glance 2026 under this number
11102,Gwalior – Pune Express,unlisted,not in Trains at a Glance 2026 under this number
11103,Jhansi – Mumbai Bandra Express,duplicate,"renumbered 22195, which has 2026 times"
11104,Mumbai Bandra – Jhansi Express,unlisted,not in Trains at a Glance 2026 under this number
11111,Gwalior – Balrampur Express,duplicate,"renumbered 22199, which has 2026 times"
11112,Balrampur – Gwalior Express,duplicate,"renumbered 22200, which has 2026 times"
11202,Ajni – Lokmanya Tilak Express,unlisted,not in Trains at a Glance 2026 under this number
11204,Jaipur – Nagpur Express,unlisted,not in Trains at a Glance 2026 under this number
11205,Lokmanya Tilak – Nizamabad Express,unlisted,not in Trains at a Glance 2026 under this number
11206,Nizamabad – Lokmanya Tilak Express,unlisted,not in Trains at a Glance 2026 under this number
11307,Gulbarga – Hyderabad Deccan Nampally Express,unlisted,not in Trains at a Glance 2026 under this number
11308,Hyderabad Deccan Nampally – Gulbarga Express,unlisted,not in Trains at a Glance 2026 under this number
11309,Solapur – Miraj Express,unlisted,not in Trains at a Glance 2026 under this number
11310,Miraj – Solapur Express,unlisted,not in Trains at a Glance 2026 under this number
11423,Solapur - Hubli Express,unlisted,not in Trains at a Glance 2026 under this number
11424,Hubli Jn - Solapur Express,unlisted,not in Trains at a Glance 2026 under this number
12043,New Delhi – Moga Superfast Express,unlisted,not in Trains at a Glance 2026 under this number
12044,Moga – New Delhi Superfast Express,unlisted,not in Trains at a Glance 2026 under this number
12047,New Delhi – Firozpur Cant Superfast Express,duplicate,"renumbered 26461, which has 2026 times"
12118,Manmad-Mumbai Ltt Express,duplicate,"renumbered 12110, which has 2026 times"
12149,Pune - Patliputra SF Exp,unlisted,not in Trains at a Glance 2026 under this number
12150,Patliputra - Pune SF Exp,unlisted,not in Trains at a Glance 2026 under this number
12205,New Delhi-Dehradun AC Express,unlisted,not in Trains at a Glance 2026 under this number
12206,Dehradun-NewDelhi AC Express,unlisted,not in Trains at a Glance 2026 under this number
12241,Chandigarh-Amritsar Duronto Express,unlisted,not in Trains at a Glance 2026 under this number
12242,Amritsar-Chandigarh Duronto Express,unlisted,not in Trains at a Glance 2026 under this number
12359,Kolkata Chitpur - Patna Garib Rath Exp,unlisted,not in Trains at a Glance 2026 under this number
12360,Kolkata Chitpur - Patna Garib Rath Exp,unlisted,not in Trains at a Glance 2026 under this number
12373,Sealdah - Rampurhat Intercity SF Exp,unlisted,not in Trains at a Glance 2026 under this number
12374,Rampurhat - Sealdah Intercity SF Exp,duplicate,"renumbered 12348, which has 2026 times"
12459,NewDelhi-Amritsar SF InterCity,duplicate,"renumbered 14679, which has 2026 times"
12460,Amritsar-New Delhi Intercity Express,duplicate,"renumbered 14680, which has 2026 times"
12491,Barauni - Jammu Tawi Maur Dhwaj Express,duplicate,"renumbered 14691, which has 2026 times"
12492,Jammu Tawi - Barauni Maur Dhwaj Express,duplicate,"renumbered 14692, which has 2026 times"
12525,Indrayani SF Express,unlisted,not in Trains at a Glance 2026 under this number
12526,Indrayani SF Express,unlisted,not in Trains at a Glance 2026 under this number
12527,Mumbai CST-Latur Superfast Express.,unlisted,not in Trains at a Glance 2026 under this number
12529,Bhopal-Jabalpur Intercity Express,unlisted,not in Trains at a Glance 2026 under this number
12531,Gorakhpur Lucknow InterCity Express,unlisted,not in Trains at a Glance 2026 under this number
12532,Lucknow Gorakhpur Inter City Express,unlisted,not in Trains at a Glance 2026 under this number
12537,Bapudham Express,unlisted,not in Trains at a Glance 2026 under this number
12538,Bapudham Express,unlisted,not in Trains at a Glance 2026 under this number
12541,Gorakhpur-Mumbai Ltt SF Express,unlisted,not in Trains at a Glance 2026 under this number
12542,Mumbai LTT-Gorakhpur SF Express,unlisted,not in Trains at a Glance 2026 under this number
12553,Vaishali SF Express,unlisted,not in Trains at a Glance 2026 under this number
12554,Vaishali SF Express,unlisted,not in Trains at a Glance 2026 under this number
12567,Saharsa – Patna Superfast Express,unlisted,not in Trains at a Glance 2026 under this number
12568,Patna – Saharsa Superfast Express,unlisted,not in Trains at a Glance 2026 under this number
12569,Jaynagar-Delhi AnandViharT Garib Rath,duplicate,"renumbered 12435, which has 2026 times"
12570,Anand Vihar Terminus-Jaynagar Garib Rath Express,duplicate,"renumbered 12436, which has 2026 times"
12609,Chennai Cent - Bangalore SF Intercity Exp,unlisted,not in Trains at a Glance 2026 under this number
12610,Bangalore - Chennai Cent SF Intercity Exp,duplicate,"renumbered 12291, which has 2026 times"
12677,Bangalore City - Ernakulam Intercity SF Express,unlisted,not in Trains at a Glance 2026 under this number
12678,Ernakulam-BangaloreCity Intercity Express,unlisted,not in Trains at a Glance 2026 under this number
12687,Chennai Dehradun Express,unlisted,not in Trains at a Glance 2026 under this number
12688,Dehradun Chennai Express,unlisted,not in Trains at a Glance 2026 under this number
12729,Pune-Nanded Express,unlisted,not in Trains at a Glance 2026 under this number
12730,Nanded-Pune SuperFast Express,unlisted,not in Trains at a Glance 2026 under this number
12829,Chennai Bhubaneswar SF Express,duplicate,"renumbered 20854, which has 2026 times"
12830,Bhubaneswar Chennai Superfast Express,unlisted,not in Trains at a Glance 2026 under this number
12847,Howrah-Digha AC Duronto Express,unlisted,not in Trains at a Glance 2026 under this number
12848,Digha-Howrah AC Duronto Express,unlisted,not in Trains at a Glance 2026 under this number
12897,Puducherry-Bhubaneswar Express,duplicate,"renumbered 20851, which has 2026 times"
12898,Bhubaneswar-Puducherry Superfast Express,unlisted,not in Trains at a Glance 2026 under this number
13007,Udyan Abha Toofan Express,unlisted,not in Trains at a Glance 2026 under this number
13008,Udyan Abha Toofan Express,unlisted,not in Trains at a Glance 2026 under this number
13013,Barddhaman Rampurhat Tri-Weekly Express,unlisted,not in Trains at a Glance 2026 under this number
13014,Rampurhat-Barddhaman Tri-Weekly Express,unlisted,not in Trains at a Glance 2026 under this number
13049,Howrah-Amritsar Express,duplicate,"renumbered 12379, which has 2026 times"
13050,Amritsar Howrah Express,duplicate,"renumbered 12380, which has 2026 times"
13109,Maitree Express Ir,unlisted,not in Trains at a Glance 2026 under this number
13110,Maitree Express,unlisted,not in Trains at a Glance 2026 under this number
13119,Sealdah – Anand Vihar Terminal Express,duplicate,"renumbered 22857, which has 2026 times"
13120,Anand Vihar Terminal – Sealdah Express,duplicate,"renumbered 22858, which has 2026 times"
13129,Koaa Khulna,unlisted,not in Trains at a Glance 2026 under this number
13130,Petrapole – Kolkata Express,unlisted,not in Trains at a Glance 2026 under this number
13133,Sealdah-Varanasi Express,unlisted,not in Trains at a Glance 2026 under this number
13134,Varanasi- Sealdah Express,unlisted,not in Trains at a Glance 2026 under this number
13413,Farakka Express,unlisted,not in Trains at a Glance 2026 under this number
13414,Farakka Express,unlisted,not in Trains at a Glance 2026 under this number
13483,Farakka Express,unlisted,not in Trains at a Glance 2026 under this number
13484,Farakka Express,unlisted,not in Trains at a Glance 2026 under this number
13501,Haldia-Asansol Express,duplicate,"renumbered 22329, which has 2026 times"
13502,Asansol Haldia Express,unlisted,not in Trains at a Glance 2026 under this number
14019,Chhindwara Delhi Sr (Biweekly) Kanhan valley Express,unlisted,not in Trains at a Glance 2026 under this number
14020,Delhi Sr Chhindwara Kanhan Valley Express,unlisted,not in Trains at a Glance 2026 under this number
14021,Dee Sikr,duplicate,"renumbered 14714, which has 2026 times"
14022,Sikr Dee,duplicate,"renumbered 14713, which has 2026 times"
14033,Jammu Mail,unlisted,not in Trains at a Glance 2026 under this number
14034,Jammu Mail,unlisted,not in Trains at a Glance 2026 under this number
14041,Delhi Sarai Rohilla - Dehradun Mussoorie Exp,duplicate,"renumbered 14341, which has 2026 times"
14042,Dehradun - Delhi Sarai Rohilla Mussoorie Exp,duplicate,"renumbered 14342, which has 2026 times"
14043,Kotdwar - Old Delhi Garhwal Exp,unlisted,not in Trains at a Glance 2026 under this number
14044,Old Delhi - Kotdwar Garhwal Exp,unlisted,not in Trains at a Glance 2026 under this number
14055,Dibrugarh - Old Delhi Brahmaputra Exp,unlisted,not in Trains at a Glance 2026 under this number
14056,Old Delhi - Dibrugarh Brahmaputra Exp,unlisted,not in Trains at a Glance 2026 under this number
14095,Himalayan Queen,unlisted,not in Trains at a Glance 2026 under this number
14096,Himalayan Queen,unlisted,not in Trains at a Glance 2026 under this number
14203,Varanasi Lucknow InterCity Express,unlisted,not in Trains at a Glance 2026 under this number
14204,Lucknow Varanasi InterCity Express,unlisted,not in Trains at a Glance 2026 under this number
14219,Varanasi – Lucknow Charbagh Express,duplicate,"renumbered 15107, which has 2026 times"
14220,Lucknow Charbagh – Varanasi Express,duplicate,"renumbered 15108, which has 2026 times"
14221,Faizabad – Kanpur Anwarganj Express,unlisted,not in Trains at a Glance 2026 under this number
14222,Kanpur Anwarganj – Faizabad Express,unlisted,not in Trains at a Glance 2026 under this number
14227,Varuna Express,duplicate,"renumbered 20402, which has 2026 times"
14228,Varuna Express,unlisted,not in Trains at a Glance 2026 under this number
14257,Kashi Vishwanath Express,duplicate,"renumbered 15127, which has 2026 times"
14258,Kashi Vishwanath Express,duplicate,"renumbered 15128, which has 2026 times"
14265,Varanasi Dehradun Janata Express,duplicate,"renumbered 15119, which has 2026 times"
14266,Dehradun Varanasi Janata Express,duplicate,"renumbered 15120, which has 2026 times"
14369,Tribeni Express,unlisted,not in Trains at a Glance 2026 under this number
14370,Triveni Express,unlisted,not in Trains at a Glance 2026 under this number
14371,Barwadih – Chopan Express,unlisted,not in Trains at a Glance 2026 under this number
14372,Chopan – Barwadih Express,unlisted,not in Trains at a Glance 2026 under this number
14501,Bathinda – Jammu Tawi Express,unlisted,not in Trains at a Glance 2026 under this number
14502,Jammu Tawi – Bathinda Express,unlisted,not in Trains at a Glance 2026 under this number
14519,Kissan Express,duplicate,"renumbered 14732, which has 2026 times"
14520,Kisan Express,duplicate,"renumbered 14731, which has 2026 times"
14555,Bareilly-Delhi Express,unlisted,not in Trains at a Glance 2026 under this number
14556,Delhi-Bareilly Express,unlisted,not in Trains at a Glance 2026 under this number
14623,Chhindwara – Delhi Sarai Rohilla Express,unlisted,not in Trains at a Glance 2026 under this number
14624,Delhi Sarai Rohilla – Chhindwara Express,unlisted,not in Trains at a Glance 2026 under this number
14645,Shalimar Express,unlisted,not in Trains at a Glance 2026 under this number
14646,Shalimar Express,unlisted,not in Trains at a Glance 2026 under this number
14659,Delhi-Jaisalmer Express,duplicate,"renumbered 14087, which has 2026 times"
14660,Jaisalmer Delhi Express,duplicate,"renumbered 14088, which has 2026 times"
14710,Puri – Bikaner Express,unlisted,not in Trains at a Glance 2026 under this number
14711,Haridwar Shri Ganganagar InterCity Express,duplicate,"renumbered 14816, which has 2026 times"
14712,Shriganganagar Haridwar Express,unlisted,not in Trains at a Glance 2026 under this number
14723,Kalindi Express,unlisted,not in Trains at a Glance 2026 under this number
14724,Kalindi Express,unlisted,not in Trains at a Glance 2026 under this number
14809,Jaisalmer Jodhpur Express,unlisted,not in Trains at a Glance 2026 under this number
14810,Jaisalmer Express,unlisted,not in Trains at a Glance 2026 under this number
14811,Sikar – Delhi Sarai Rohilla Express,duplicate,"renumbered 14713, which has 2026 times"
14812,Delhi Sarai Rohilla – Sikar Express,duplicate,"renumbered 14714, which has 2026 times"
15101,Chhapra-Mumbai Jansadharan Express,unlisted,not in Trains at a Glance 2026 under this number
15102,Mumbai Cst Chhapra Jansadharan Express,unlisted,not in Trains at a Glance 2026 under this number
15117,Manduadih – Jabalpur Express,duplicate,"renumbered 15717, which has 2026 times"
15118,Jabalpur – Manduadih Express,unlisted,not in Trains at a Glance 2026 under this number
15209,Saharsa - Amritsar Jan Seva Exp,unlisted,not in Trains at a Glance 2026 under this number
15210,Amritsar - Saharsa Jan Seva Exp,unlisted,not in Trains at a Glance 2026 under this number
15275,Saharsa-Barauni Express,unlisted,not in Trains at a Glance 2026 under this number
15276,Barauni-Saharsa Express,unlisted,not in Trains at a Glance 2026 under this number
15547,Jaynagar – Lokmanya Tilak Express,duplicate,"renumbered 11062, which has 2026 times"
15548,Lokmanya Tilak – Jaynagar Express,unlisted,not in Trains at a Glance 2026 under this number
15563,Jaynagar – Udhna Express,unlisted,not in Trains at a Glance 2026 under this number
15564,Udhna – Jaynagar Express,unlisted,not in Trains at a Glance 2026 under this number
15605,Jorhat Town InterCity Express,unlisted,not in Trains at a Glance 2026 under this number
15606,Guwahati InterCity Express,unlisted,not in Trains at a Glance 2026 under this number
15645,Mumbai Ltt - Guwahati Exp,duplicate,"renumbered 15647, which has 2026 times"
15646,Guwahati - Mumbai Ltt Exp,duplicate,"renumbered 15648, which has 2026 times"
15659,Sealdah – Agartala Express,unlisted,not in Trains at a Glance 2026 under this number
15660,Agartala – Sealdah Express,unlisted,not in Trains at a Glance 2026 under this number
15718,Mariani-Guwahati Intercity Express,duplicate,"renumbered 15666, which has 2026 times"
15771,AlipurDuar-Kamakhya Intercity Express,unlisted,not in Trains at a Glance 2026 under this number
15772,Kamakhya-AlipurDuar Intercity Express,unlisted,not in Trains at a Glance 2026 under this number
15905,Kanniyakumari - Dibrugarh Vivek Exp,duplicate,"renumbered 22503, which has 2026 times"
15906,Dibrugarh - Kanniyakumari Vivek Exp,duplicate,"renumbered 22504, which has 2026 times"
15941,Jhajha - Dibrugarh Exp,unlisted,not in Trains at a Glance 2026 under this number
15942,Dibrugarh - Jhajha Exp,unlisted,not in Trains at a Glance 2026 under this number
16024,Yesvantpur – Mysore Express,unlisted,not in Trains at a Glance 2026 under this number
16105,Chennai Egmore – Tiruchendur Express,unlisted,not in Trains at a Glance 2026 under this number
16106,Tiruchendur – Chennai Egmore Express,duplicate,"renumbered 20605, which has 2026 times"
16129,Vanchi Maniyachchi – Tuticorin Express,unlisted,not in Trains at a Glance 2026 under this number
16130,Tuticorin – Vanchi Maniyachchi Express,unlisted,not in Trains at a Glance 2026 under this number
16181,Chennai Egmore – Sengottai Express,unlisted,not in Trains at a Glance 2026 under this number
16182,Sengottai – Chennai Egmore Express,unlisted,not in Trains at a Glance 2026 under this number
16183,Chennai Egmore – Thanjavur Express,duplicate,"renumbered 16865, which has 2026 times"
16184,Thanjavur – Chennai Egmore Express,duplicate,"renumbered 16866, which has 2026 times"
16229,Mysore – Varanasi Express,duplicate,"renumbered 22687, which has 2026 times"
16233,Mayiladuturai Tiruchirappalli Express,unlisted,not in Trains at a Glance 2026 under this number
16314,Executive Express,unlisted,not in Trains at a Glance 2026 under this number
16359,Ernakulam - Patna Exp,unlisted,not in Trains at a Glance 2026 under this number
16360,Patna - Ernakulam Express,unlisted,not in Trains at a Glance 2026 under this number
16501,Ahmedabad Bangalore Express,unlisted,not in Trains at a Glance 2026 under this number
16502,Bangalore - Ahmedabad (Weekly) Express,unlisted,not in Trains at a Glance 2026 under this number
16507,Bhagat Ki Kothi - Bangalore Exp,duplicate,"renumbered 16533, which has 2026 times"
16508,Bangalore - Bhagat Ki Kothi Exp,duplicate,"renumbered 16534, which has 2026 times"
16517,Yeshvantapur-Kannur Express,unlisted,not in Trains at a Glance 2026 under this number
16518,Kannur-Yesvantpur Express,duplicate,"renumbered 16528, which has 2026 times"
16523,Mangaluru – Karwar Express,unlisted,not in Trains at a Glance 2026 under this number
16524,Karwar – Mangaluru Express,unlisted,not in Trains at a Glance 2026 under this number
16557,Rajya Rani Express,duplicate,"renumbered 20659, which has 2026 times"
16558,Bangalore Mysore Rajya Rani Express,duplicate,"renumbered 20660, which has 2026 times"
16579,Yesvantpur – Shimoga Town Express,duplicate,"renumbered 20689, which has 2026 times"
16580,Shimoga Town – Yesvantpur Express,duplicate,"renumbered 20690, which has 2026 times"
16687,Navyug Express,unlisted,not in Trains at a Glance 2026 under this number
16688,Navyug Express,unlisted,not in Trains at a Glance 2026 under this number
16790,Erode – Tirunelveli Express,unlisted,not in Trains at a Glance 2026 under this number
16793,Rameswaram – Faizabad Express,unlisted,not in Trains at a Glance 2026 under this number
16794,Faizabad – Rameswaram Express,unlisted,not in Trains at a Glance 2026 under this number
16859,Chennai Egmore – Mangaluru Express,unlisted,not in Trains at a Glance 2026 under this number
16860,Maq Ms Express,unlisted,not in Trains at a Glance 2026 under this number
16863,Bhagat Ki Kothi – Mannargudi Express,duplicate,"renumbered 22674, which has 2026 times"
16864,Mannargudi – Bhagat Ki Kothi Express,duplicate,"renumbered 22673, which has 2026 times"
17017,Rajkot Secunderabad Express,duplicate,"renumbered 22717, which has 2026 times"
17018,Secunderabad - Rajkot Express,unlisted,not in Trains at a Glance 2026 under this number
17025,Manuguru – Secunderabad Express,duplicate,"renumbered 12745, which has 2026 times"
17031,Mumbai CST-Hyderabad Express,duplicate,"renumbered 22732, which has 2026 times"
17032,Hyderabad-Mumbai Express,duplicate,"renumbered 22731, which has 2026 times"
17037,Secunderabad - Bikaner Express,unlisted,not in Trains at a Glance 2026 under this number
17038,Bikaner - Secunderabad Express,unlisted,not in Trains at a Glance 2026 under this number
17203,Bhavnagar(T)-Kakinada Town Express,unlisted,not in Trains at a Glance 2026 under this number
17204,Kakinada Town- Bhavnagar Express,unlisted,not in Trains at a Glance 2026 under this number
17213,Narasapur-Nagarsol Express,unlisted,not in Trains at a Glance 2026 under this number
17214,Nagarsol Narsapur Express,unlisted,not in Trains at a Glance 2026 under this number
17229,Sabari Express,unlisted,not in Trains at a Glance 2026 under this number
17230,Sabari Express,unlisted,not in Trains at a Glance 2026 under this number
17305,Hubli-H.Nizamuddin Goa Express,unlisted,not in Trains at a Glance 2026 under this number
17311,Chennai Cent - Vasco Da Gama Exp,unlisted,not in Trains at a Glance 2026 under this number
17312,Vasco Da Gama - Chennai Cent Exp,unlisted,not in Trains at a Glance 2026 under this number
17325,Hubballi – Mysore Express,duplicate,"renumbered 16591, which has 2026 times"
17326,Mysore – Hubballi Express,duplicate,"renumbered 16592, which has 2026 times"
17403,Tirupati Narasapur Express,unlisted,not in Trains at a Glance 2026 under this number
17404,Narasapur Tirupati Link Express,unlisted,not in Trains at a Glance 2026 under this number
17413,Tirupati – Puducherry Express,unlisted,not in Trains at a Glance 2026 under this number
17414,Puducherry – Tirupati Express,unlisted,not in Trains at a Glance 2026 under this number
17615,Kacheguda – Madurai Express,duplicate,"renumbered 22715, which has 2026 times"
17616,Madurai – Kacheguda Express,duplicate,"renumbered 22716, which has 2026 times"
17623,Hazur Sahib Nanded – Bikaner Express,unlisted,not in Trains at a Glance 2026 under this number
18211,Durg – Jagdalpur Express,unlisted,not in Trains at a Glance 2026 under this number
18212,Jagdalpur – Durg Express,unlisted,not in Trains at a Glance 2026 under this number
18215,Durg – Jammu Tawi Express,duplicate,"renumbered 20847, which has 2026 times"
18216,Jammu Tawi – Durg Express,unlisted,not in Trains at a Glance 2026 under this number
18243,Bilaspur – Bhagat Ki Kothi Express,duplicate,"renumbered 20844, which has 2026 times"
18244,Bhagat Ki Kothi – Bilaspur Express,duplicate,"renumbered 20843, which has 2026 times"
18245,Bilaspur – Bikaner Express,unlisted,not in Trains at a Glance 2026 under this number
18246,Bikaner – Bilaspur Express,unlisted,not in Trains at a Glance 2026 under this number
18405,Puri - Ahmedabad Exp,unlisted,not in Trains at a Glance 2026 under this number
18407,Puri – Sainagar Shirdi Express,duplicate,"renumbered 20857, which has 2026 times"
18495,Rameswaram-Bhubaneswar Express,unlisted,not in Trains at a Glance 2026 under this number
18496,Bhubaneswar-Rameswaram Weekly Express,unlisted,not in Trains at a Glance 2026 under this number
18507,Visakhapatnam - Amritsar Hirakud Exp,duplicate,"renumbered 20808, which has 2026 times"
18508,Amritsar - Visakhapatnam Hirakud Exp,duplicate,"renumbered 20807, which has 2026 times"
18605,Ranchi-Jaynagar Express,unlisted,not in Trains at a Glance 2026 under this number
18606,Jaynagar-Ranchi Express,unlisted,not in Trains at a Glance 2026 under this number
18645,East Coast Express,duplicate,"renumbered 18045, which has 2026 times"
18646,East Coast Express,duplicate,"renumbered 18046, which has 2026 times"
18695,Islampur – Patna Express,unlisted,not in Trains at a Glance 2026 under this number
18696,Patna – Islampur Express,unlisted,not in Trains at a Glance 2026 under this number
18697,Purnia Court – Patna Express,duplicate,"renumbered 15713, which has 2026 times"
18698,Patna – Purnia Court Express,duplicate,"renumbered 15714, which has 2026 times"
19023,Mumbai Firozpur Janata Express,unlisted,not in Trains at a Glance 2026 under this number
19024,Firozpur Mumbai Janata Express,unlisted,not in Trains at a Glance 2026 under this number
19025,Surat Bhavnagar Express Slip,unlisted,not in Trains at a Glance 2026 under this number
19026,Bhavnagar Surat (Slip) Express,unlisted,not in Trains at a Glance 2026 under this number
19039,Awadh Express,duplicate,"renumbered 11061, which has 2026 times"
19040,Awadh Express,unlisted,not in Trains at a Glance 2026 under this number
19042,Ghazipur City – Mumbai Bandra Express,duplicate,"renumbered 20942, which has 2026 times"
19055,Valsad – Jodhpur Express,unlisted,not in Trains at a Glance 2026 under this number
19057,Udhna – Varanasi Express,unlisted,not in Trains at a Glance 2026 under this number
19058,Bsb Udn Express,duplicate,"renumbered 20930, which has 2026 times"
19061,Mumbai Bandra – Ramnagar Express,unlisted,not in Trains at a Glance 2026 under this number
19062,Ramnagar – Mumbai Bandra Express,unlisted,not in Trains at a Glance 2026 under this number
19063,Udhna – Danapur Express,unlisted,not in Trains at a Glance 2026 under this number
19225,Bhatinda Jammu Tawi Express,unlisted,not in Trains at a Glance 2026 under this number
19226,Jammu Tawi Bhatinda Express,unlisted,not in Trains at a Glance 2026 under this number
19261,Kochuveli – Porbandar Express,duplicate,"renumbered 20909, which has 2026 times"
19262,Porbandar – Kochuveli Express,duplicate,"renumbered 20910, which has 2026 times"
19263,Porbandar-Delhi Sarai Rohilla (Biweekly) Express,duplicate,"renumbered 20937, which has 2026 times"
19330,Udaipur City – Indore Express,unlisted,not in Trains at a Glance 2026 under this number
19331,Kcvl Indore,duplicate,"renumbered 20931, which has 2026 times"
19403,Ahmedabad – Sultanpur Express,unlisted,not in Trains at a Glance 2026 under this number
19404,Sln Adi Express,unlisted,not in Trains at a Glance 2026 under this number
19407,Ahmedabad – Varanasi Express,unlisted,not in Trains at a Glance 2026 under this number
19408,Bsb Adi Express,unlisted,not in Trains at a Glance 2026 under this number
19419,Chennai – Ahmedabad Express,unlisted,not in Trains at a Glance 2026 under this number
19420,Adi Chennai,unlisted,not in Trains at a Glance 2026 under this number
19707,Aravalli Express,unlisted,not in Trains at a Glance 2026 under this number
19708,Aravalli Express,unlisted,not in Trains at a Glance 2026 under this number
19709,Jaipur - Kamakhya Kavi Guru Exp,unlisted,not in Trains at a Glance 2026 under this number
19710,Kamakhya - Jaipur Kavi Guru Exp,unlisted,not in Trains at a Glance 2026 under this number
19717,Jaipur – Chandigarh Express,unlisted,not in Trains at a Glance 2026 under this number
19718,Chandigarh – Jaipur Express,unlisted,not in Trains at a Glance 2026 under this number
19805,Kota – Udhampur Express,duplicate,"renumbered 19803, which has 2026 times"
19806,Udhampur – Kota Express,duplicate,"renumbered 20986, which has 2026 times"
21067,Partapgarh – Rae Bareli Express,unlisted,not in Trains at a Glance 2026 under this number
21068,Rai Bareli-Mumbai Ltt Saket Express,unlisted,not in Trains at a Glance 2026 under this number
21107,Khajuraho-Varanasi Bundelkhand Link Express,unlisted,not in Trains at a Glance 2026 under this number
21108,Bundelkhand Link Express,unlisted,not in Trains at a Glance 2026 under this number
22111,Bhusaval Nagpur (Triweekly) Express,unlisted,not in Trains at a Glance 2026 under this number
22112,Nagpur-Bhusaval SF Express,unlisted,not in Trains at a Glance 2026 under this number
22127,Lokmanya Tilak – Kazipet Superfast Express,unlisted,not in Trains at a Glance 2026 under this number
22128,Kazipet – Lokmanya Tilak Superfast Express,unlisted,not in Trains at a Glance 2026 under this number
22133,Solapur – Yesvantpur Superfast Express,unlisted,not in Trains at a Glance 2026 under this number
22134,Yesvantpur – Solapur Superfast Express,unlisted,not in Trains at a Glance 2026 under this number
22205,Chennai – Madurai Superfast Express,unlisted,not in Trains at a Glance 2026 under this number
22206,Madurai – Chennai Superfast Express,duplicate,"renumbered 22623, which has 2026 times"
22531,Chhapra – Mathura Superfast Express,unlisted,not in Trains at a Glance 2026 under this number
22532,Mathura – Chhapra Superfast Express,unlisted,not in Trains at a Glance 2026 under this number
22607,Ernakulam - Bangalore Weekly SF Exp,unlisted,not in Trains at a Glance 2026 under this number
22608,Bangalore - Ernakulam Weekly SF Exp,unlisted,not in Trains at a Glance 2026 under this number
22635,Madgaon – Mangaluru Superfast Express,duplicate,"renumbered 20646, which has 2026 times"
22636,Mangaluru – Madgaon Superfast Express,duplicate,"renumbered 20645, which has 2026 times"
22677,Yesvantpur – Kochuveli Superfast Express,unlisted,not in Trains at a Glance 2026 under this number
22678,Kochuveli – Yesvantpur Superfast Express,unlisted,not in Trains at a Glance 2026 under this number
22814,Paradeep – Santragachi Superfast Express,unlisted,not in Trains at a Glance 2026 under this number
22821,Jhargram – Purulia Superfast Express,unlisted,not in Trains at a Glance 2026 under this number
22822,Purulia – Jhargram Superfast Express,unlisted,not in Trains at a Glance 2026 under this number
22885,Lokmanya Tilak – Tatanagar Superfast Express,unlisted,not in Trains at a Glance 2026 under this number
22886,Tatanagar – Lokmanya Tilak Superfast Express,unlisted,not in Trains at a Glance 2026 under this number
22994,Mhv Bdts SF,duplicate,"renumbered 22989, which has 2026 times"
23141,Raninagar Jalpaiguri – Haldibari Express,unlisted,not in Trains at a Glance 2026 under this number
23142,Teesta Torsa Express,unlisted,not in Trains at a Glance 2026 under this number
23345,Chopan – Shakti Nagar Express,unlisted,not in Trains at a Glance 2026 under this number
23346,Shakti Nagar – Chopan Express,unlisted,not in Trains at a Glance 2026 under this number
24041,Delhi Sarai Rohilla - Kotdwar Mussoorie Exp,unlisted,not in Trains at a Glance 2026 under this number
24042,Kotdwar - Najibabad Mussoorie Exp,unlisted,not in Trains at a Glance 2026 under this number
24227,Varuna Express,unlisted,not in Trains at a Glance 2026 under this number
24228,Varuna Express,unlisted,not in Trains at a Glance 2026 under this number
24369,Triveni Express,unlisted,not in Trains at a Glance 2026 under this number
24370,Triveni Express,unlisted,not in Trains at a Glance 2026 under this number
24887,Haridwar-Barmer Link Express,unlisted,not in Trains at a Glance 2026 under this number
24888,Barmer-Haridwar Link Express,unlisted,not in Trains at a Glance 2026 under this number
25631,Bikaner Guwahati Express,unlisted,not in Trains at a Glance 2026 under this number
25632,Merta Road – Bikaner Express,unlisted,not in Trains at a Glance 2026 under this number
25657,Sealdah – Bhasha Shahid Express,duplicate,"renumbered 13175, which has 2026 times"
25658,Bhasha Shahid – Sealdah Express,duplicate,"renumbered 13176, which has 2026 times"
29019,Nimach Kota Link Exp,unlisted,not in Trains at a Glance 2026 under this number
29020,Dehradun Express Slip,unlisted,not in Trains at a Glance 2026 under this number
82355,Patna – Mumbai CSMT Express,duplicate,"renumbered 12142, which has 2026 times"
82601,Chennai Egmore – Tirunelveli Express,unlisted,not in Trains at a Glance 2026 under this number
82606,Tirunelveli – Chennai Egmore Express,unlisted,not in Trains at a Glance 2026 under this number
82631,Chennai – Ernakulam Express,unlisted,not in Trains at a Glance 2026 under this number
82635,Chennai – Kollam Express,duplicate,"renumbered 20636, which has 2026 times"
82651,Yesvantpur – Shri Mata Vaishno Devi Katra Express,unlisted,not in Trains at a Glance 2026 under this number
82652,Shri Mata Vaishno Devi Katra – Yesvantpur Express,unlisted,not in Trains at a Glance 2026 under this number
82653,Yesvantpur – Jaipur Express,unlisted,not in Trains at a Glance 2026 under this number
82665,Yesvantpur – Vasco Da Gama Express,duplicate,"renumbered 17309, which has 2026 times"
82666,Vasco Da Gama – Yesvantpur Express,duplicate,"renumbered 17310, which has 2026 times"
